STATION,DATE,MAX
72530094846,2012-11-15,48.0
72530094846,2012-11-16,54.0
72530094846,2012-11-17,55.0
72530094846,2012-11-18,57.0
72530094846,2012-11-19,59.0
72530094846,2012-11-20,59.0
72530094846,2012-11-21,57.9
72530094846,2012-11-22,63.0
72530094846,2012-11-23,63.0
72530094846,2012-11-24,42.1
72530094846,2012-11-25,43.0
72530094846,2012-11-26,43.0
72530094846,2012-11-27,36.0
72530094846,2012-11-28,44.1
72530094846,2012-11-29,51.1
72530094846,2012-11-30,51.1
72530094846,2012-12-01,57.2
72530094846,2012-12-02,63.0
72530094846,2012-12-03,70.0
72530094846,2012-12-04,70.0
72530094846,2012-12-05,60.1
72530094846,2012-12-06,45.0
72530094846,2012-12-07,46.4
72530094846,2012-12-08,46.0
72530094846,2012-12-09,42.1
72530094846,2012-12-10,41.0
72530094846,2012-12-11,37.9
72530094846,2012-12-12,46.0
72530094846,2012-12-13,48.9
72530094846,2012-12-14,50.0
72530094846,2012-12-15,50.0
72530094846,2012-12-16,50.0
72530094846,2012-12-17,48.9
72530094846,2012-12-18,39.9
72530094846,2012-12-19,41.0
72530094846,2012-12-20,48.9
72530094846,2012-12-21,48.9
72530094846,2012-12-22,33.1
72530094846,2012-12-23,34.0
72530094846,2012-12-24,34.0
72530094846,2012-12-25,34.0
72530094846,2012-12-26,33.1
72530094846,2012-12-27,33.1
72530094846,2012-12-28,33.1
72530094846,2012-12-29,32.0
72530094846,2012-12-30,33.1
72530094846,2012-12-31,35.1
72530094846,2013-01-01,35.1
72530094846,2013-01-02,30.0
72530094846,2013-01-03,30.0
72530094846,2013-01-04,36.0
72530094846,2013-01-05,39.0
72530094846,2013-01-06,39.0
72530094846,2013-01-07,41.0
72530094846,2013-01-08,44.1
72530094846,2013-01-09,50.0
72530094846,2013-01-10,50.0
72530094846,2013-01-11,52.0
72530094846,2013-01-12,53.1
72530094846,2013-01-13,34.0
72530094846,2013-01-14,30.0
72530094846,2013-01-15,30.9
72530094846,2013-01-16,36.0
72530094846,2013-01-17,36.0
72530094846,2013-01-18,43.0
72530094846,2013-01-19,46.9
72530094846,2013-01-20,44.1
72530094846,2013-01-21,18.0
72530094846,2013-01-22,10.9
72530094846,2013-01-23,23.0
72530094846,2013-01-24,22.1
72530094846,2013-01-25,28.0
72530094846,2013-01-26,28.0
72530094846,2013-01-27,32.0
72530094846,2013-01-28,48.2
72530094846,2013-01-29,63.0
72530094846,2013-01-30,55.4
72530094846,2013-01-31,28.9
72530094846,2013-02-01,13.1
72530094846,2013-02-02,23.0
72530094846,2013-02-03,23.0
72530094846,2013-02-04,28.4
72530094846,2013-02-05,34.0
72530094846,2013-02-06,36.0
72530094846,2013-02-07,35.1
72530094846,2013-02-08,34.0
72530094846,2013-02-09,33.1
72530094846,2013-02-10,44.6
72530094846,2013-02-11,48.9
72530094846,2013-02-12,45.0
72530094846,2013-02-13,44.1
72530094846,2013-02-14,37.9
72530094846,2013-02-15,39.0
72530094846,2013-02-16,33.1
72530094846,2013-02-17,30.0
72530094846,2013-02-18,52.0
72530094846,2013-02-19,52.0
72530094846,2013-02-20,30.0
72530094846,2013-02-21,32.0
72530094846,2013-02-22,34.0
72530094846,2013-02-23,34.0
72530094846,2013-02-24,39.0
72530094846,2013-02-25,43.0
72530094846,2013-02-26,43.0
72530094846,2013-02-27,36.0
72530094846,2013-02-28,35.1
72530094846,2013-03-01,35.1
72530094846,2013-03-02,30.9
72530094846,2013-03-03,34.0
72530094846,2013-03-04,34.0
72530094846,2013-03-05,34.0
72530094846,2013-03-06,34.0
72530094846,2013-03-07,39.9
72530094846,2013-03-08,39.9
72530094846,2013-03-09,41.0
72530094846,2013-03-10,48.9
72530094846,2013-03-11,51.1
72530094846,2013-03-12,36.0
72530094846,2013-03-13,37.0
72530094846,2013-03-14,37.0
72530094846,2013-03-15,41.0
72530094846,2013-03-16,41.0
72530094846,2013-03-17,35.1
72530094846,2013-03-18,35.1
72530094846,2013-03-19,35.1
72530094846,2013-03-20,32.0
72530094846,2013-03-21,33.1
72530094846,2013-03-22,41.0
72530094846,2013-03-23,41.0
72530094846,2013-03-24,41.0
72530094846,2013-03-25,37.9
72530094846,2013-03-26,43.0
72530094846,2013-03-27,43.0
72530094846,2013-03-28,51.1
72530094846,2013-03-29,55.0
72530094846,2013-03-30,59.0
72530094846,2013-03-31,59.0
72530094846,2013-04-01,59.0
72530094846,2013-04-02,45.0
72530094846,2013-04-03,45.0
72530094846,2013-04-04,57.9
72530094846,2013-04-05,57.9
72530094846,2013-04-06,70.0
72530094846,2013-04-07,70.0
72530094846,2013-04-08,64.0
72530094846,2013-04-09,64.0
72530094846,2013-04-10,43.0
72530094846,2013-04-11,46.4
72530094846,2013-04-12,46.0
72530094846,2013-04-13,45.0
72530094846,2013-04-14,69.1
72530094846,2013-04-15,69.1
72530094846,2013-04-16,66.0
72530094846,2013-04-17,57.9
72530094846,2013-04-18,63.0
72530094846,2013-04-19,63.0
72530094846,2013-04-20,46.9
72530094846,2013-04-21,54.0
72530094846,2013-04-22,66.9
72530094846,2013-04-23,66.9
72530094846,2013-04-24,59.0
72530094846,2013-04-25,51.1
72530094846,2013-04-26,66.9
72530094846,2013-04-27,68.0
72530094846,2013-04-28,68.0
72530094846,2013-04-29,73.9
72530094846,2013-04-30,84.9
72530094846,2013-05-01,84.9
72530094846,2013-05-02,84.0
72530094846,2013-05-03,48.9
72530094846,2013-05-04,71.1
72530094846,2013-05-05,71.1
72530094846,2013-05-06,71.1
72530094846,2013-05-07,75.0
72530094846,2013-05-08,79.0
72530094846,2013-05-09,79.0
72530094846,2013-05-10,64.9
72530094846,2013-05-11,60.1
72530094846,2013-05-12,60.1
72530094846,2013-05-13,64.0
72530094846,2013-05-14,90.0
72530094846,2013-05-15,84.2
72530094846,2013-05-16,84.0
72530094846,2013-05-17,82.9
72530094846,2013-05-18,80.1
72530094846,2013-05-19,86.0
72530094846,2013-05-20,88.0
72530094846,2013-05-21,89.1
72530094846,2013-05-22,77.0
72530094846,2013-05-23,73.0
72530094846,2013-05-24,57.0
72530094846,2013-05-25,57.0
72530094846,2013-05-26,68.0
72530094846,2013-05-27,68.0
72530094846,2013-05-28,75.9
72530094846,2013-05-29,84.0
72530094846,2013-05-30,84.0
72530094846,2013-05-31,82.9
72530094846,2013-06-01,77.0
72530094846,2013-06-02,75.9
72530094846,2013-06-03,68.0
72530094846,2013-06-04,72.0
72530094846,2013-06-05,73.4
72530094846,2013-06-06,73.0
72530094846,2013-06-07,68.0
72530094846,2013-06-08,73.9
72530094846,2013-06-09,80.1
72530094846,2013-06-10,80.1
72530094846,2013-06-11,82.9
72530094846,2013-06-12,86.0
72530094846,2013-06-13,73.0
72530094846,2013-06-14,78.1
72530094846,2013-06-15,80.1
72530094846,2013-06-16,86.0
72530094846,2013-06-17,88.0
72530094846,2013-06-18,84.9
72530094846,2013-06-19,75.0
72530094846,2013-06-20,86.0
72530094846,2013-06-21,86.0
72530094846,2013-06-22,82.0
72530094846,2013-06-23,87.1
72530094846,2013-06-24,89.1
72530094846,2013-06-25,91.9
72530094846,2013-06-26,84.9
72530094846,2013-06-27,90.0
72530094846,2013-06-28,90.0
72530094846,2013-06-29,82.9
72530094846,2013-06-30,77.0
72530094846,2013-07-01,77.0
72530094846,2013-07-02,75.0
72530094846,2013-07-03,72.0
72530094846,2013-07-04,82.9
72530094846,2013-07-05,86.0
72530094846,2013-07-06,86.0
72530094846,2013-07-07,88.0
72530094846,2013-07-08,88.0
72530094846,2013-07-09,86.0
72530094846,2013-07-10,84.9
72530094846,2013-07-11,84.9
72530094846,2013-07-12,82.9
72530094846,2013-07-13,84.0
72530094846,2013-07-14,88.0
72530094846,2013-07-15,89.1
72530094846,2013-07-16,91.9
72530094846,2013-07-17,93.9
72530094846,2013-07-18,95.0
72530094846,2013-07-19,96.1
72530094846,2013-07-20,96.1
72530094846,2013-07-21,89.1
72530094846,2013-07-22,88.0
72530094846,2013-07-23,87.1
72530094846,2013-07-24,72.0
72530094846,2013-07-25,81.0
72530094846,2013-07-26,81.0
72530094846,2013-07-27,70.0
72530094846,2013-07-28,69.1
72530094846,2013-07-29,75.9
72530094846,2013-07-30,75.9
72530094846,2013-07-31,75.0
72530094846,2013-08-01,81.0
72530094846,2013-08-02,84.0
72530094846,2013-08-03,84.0
72530094846,2013-08-04,81.0
72530094846,2013-08-05,75.0
72530094846,2013-08-06,82.9
72530094846,2013-08-07,89.1
72530094846,2013-08-08,89.1
72530094846,2013-08-09,82.0
72530094846,2013-08-10,82.0
72530094846,2013-08-11,81.0
72530094846,2013-08-12,82.0
72530094846,2013-08-13,82.0
72530094846,2013-08-14,72.0
72530094846,2013-08-15,75.0
72530094846,2013-08-16,82.0
72530094846,2013-08-17,82.0
72530094846,2013-08-18,81.0
72530094846,2013-08-19,84.9
72530094846,2013-08-20,88.0
72530094846,2013-08-21,90.0
72530094846,2013-08-22,90.0
72530094846,2013-08-23,82.0
72530094846,2013-08-24,86.0
72530094846,2013-08-25,89.1
72530094846,2013-08-26,91.9
72530094846,2013-08-27,96.1
72530094846,2013-08-28,96.1
72530094846,2013-08-29,89.1
72530094846,2013-08-30,96.1
72530094846,2013-08-31,77.0
72530094846,2013-09-01,84.9
72530094846,2013-09-02,84.9
72530094846,2013-09-03,79.0
72530094846,2013-09-04,84.0
72530094846,2013-09-05,84.0
72530094846,2013-09-06,86.0
72530094846,2013-09-07,88.0
72530094846,2013-09-08,88.0
72530094846,2013-09-09,93.9
72530094846,2013-09-10,95.0
72530094846,2013-09-11,95.0
72530094846,2013-09-12,91.0
72530094846,2013-09-13,82.0
72530094846,2013-09-14,72.0
72530094846,2013-09-15,72.0
72530094846,2013-09-16,64.0
72530094846,2013-09-17,71.1
72530094846,2013-09-18,81.0
72530094846,2013-09-19,84.0
72530094846,2013-09-20,84.0
72530094846,2013-09-21,75.9
72530094846,2013-09-22,66.9
72530094846,2013-09-23,66.9
72530094846,2013-09-24,70.0
72530094846,2013-09-25,70.0
72530094846,2013-09-26,75.0
72530094846,2013-09-27,81.0
72530094846,2013-09-28,84.0
72530094846,2013-09-29,84.0
72530094846,2013-09-30,73.9
72530094846,2013-10-01,79.0
72530094846,2013-10-02,79.0
72530094846,2013-10-03,78.1
72530094846,2013-10-04,78.1
72530094846,2013-10-05,80.6
72530094846,2013-10-06,80.1
72530094846,2013-10-07,68.0
72530094846,2013-10-08,75.0
72530094846,2013-10-09,75.0
72530094846,2013-10-10,73.9
72530094846,2013-10-11,75.9
72530094846,2013-10-12,75.9
72530094846,2013-10-13,73.0
72530094846,2013-10-14,64.0
72530094846,2013-10-15,64.0
72530094846,2013-10-16,63.0
72530094846,2013-10-17,54.0
72530094846,2013-10-18,53.1
72530094846,2013-10-19,54.0
72530094846,2013-10-20,61.0
72530094846,2013-10-21,61.0
72530094846,2013-10-22,55.0
72530094846,2013-10-23,46.0
72530094846,2013-10-24,46.0
72530094846,2013-10-25,51.1
72530094846,2013-10-26,55.0
72530094846,2013-10-27,55.0
72530094846,2013-10-28,54.0
72530094846,2013-10-29,57.0
72530094846,2013-10-30,59.0
72530094846,2013-10-31,64.0
72530094846,2013-11-01,64.0
72530094846,2013-11-02,48.2
72530094846,2013-11-03,53.1
72530094846,2013-11-04,57.9
72530094846,2013-11-05,57.9
72530094846,2013-11-06,57.2
72530094846,2013-11-07,57.0
72530094846,2013-11-08,48.0
72530094846,2013-11-09,57.0
72530094846,2013-11-10,57.9
72530094846,2013-11-11,46.9
72530094846,2013-11-12,46.9
72530094846,2013-11-13,39.9
72530094846,2013-11-14,48.9
72530094846,2013-11-15,50.0
72530094846,2013-11-16,57.2
72530094846,2013-11-17,69.1
72530094846,2013-11-18,48.0
72530094846,2013-11-19,43.0
72530094846,2013-11-20,51.1
72530094846,2013-11-21,51.1
72530094846,2013-11-22,51.1
72530094846,2013-11-23,43.0
72530094846,2013-11-24,27.0
72530094846,2013-11-25,30.9
72530094846,2013-11-26,34.0
72530094846,2013-11-27,34.0
72530094846,2013-11-28,34.0
72530094846,2013-11-29,36.0
72530094846,2013-11-30,50.0
72530094846,2013-12-01,50.0
72530094846,2013-12-02,44.1
72530094846,2013-12-03,48.9
72530094846,2013-12-04,55.9
72530094846,2013-12-05,55.9
72530094846,2013-12-06,24.1
72530094846,2013-12-07,21.0
72530094846,2013-12-08,30.0
72530094846,2013-12-09,26.6
72530094846,2013-12-10,25.0
72530094846,2013-12-11,25.0
72530094846,2013-12-12,21.0
72530094846,2013-12-13,30.9
72530094846,2013-12-14,32.0
72530094846,2013-12-15,30.9
72530094846,2013-12-16,23.0
72530094846,2013-12-17,33.1
72530094846,2013-12-18,33.1
72530094846,2013-12-19,39.0
72530094846,2013-12-20,39.0
72530094846,2013-12-21,36.0
72530094846,2013-12-22,35.1
72530094846,2013-12-23,34.0
72530094846,2013-12-24,17.1
72530094846,2013-12-25,26.1
72530094846,2013-12-26,32.0
72530094846,2013-12-27,39.9
72530094846,2013-12-28,50.0
72530094846,2013-12-29,50.0
72530094846,2013-12-30,21.9
72530094846,2013-12-31,12.9
72530094846,2014-01-01,21.9
72530094846,2014-01-02,21.9
72530094846,2014-01-03,21.0
72530094846,2014-01-04,30.9
72530094846,2014-01-05,30.9
72530094846,2014-01-06,7.0
72530094846,2014-01-07,3.0
72530094846,2014-01-08,17.1
72530094846,2014-01-09,23.0
72530094846,2014-01-10,39.0
72530094846,2014-01-11,39.9
72530094846,2014-01-12,41.0
72530094846,2014-01-13,45.0
72530094846,2014-01-14,45.0
72530094846,2014-01-15,27.0
72530094846,2014-01-16,34.0
72530094846,2014-01-17,30.9
72530094846,2014-01-18,21.0
72530094846,2014-01-19,34.0
72530094846,2014-01-20,36.0
72530094846,2014-01-21,24.1
72530094846,2014-01-22,15.1
72530094846,2014-01-23,15.1
72530094846,2014-01-24,23.0
72530094846,2014-01-25,33.8
72530094846,2014-01-26,33.1
72530094846,2014-01-27,30.0
72530094846,2014-01-28,6.1
72530094846,2014-01-29,21.9
72530094846,2014-01-30,32.0
72530094846,2014-01-31,33.1
72530094846,2014-02-01,30.9
72530094846,2014-02-02,30.9
72530094846,2014-02-03,21.0
72530094846,2014-02-04,24.1
72530094846,2014-02-05,25.0
72530094846,2014-02-06,25.0
72530094846,2014-02-07,14.0
72530094846,2014-02-08,15.8
72530094846,2014-02-09,19.0
72530094846,2014-02-10,19.0
72530094846,2014-02-11,14.0
72530094846,2014-02-12,24.1
72530094846,2014-02-13,30.9
72530094846,2014-02-14,32.0
72530094846,2014-02-15,24.1
72530094846,2014-02-16,28.9
72530094846,2014-02-17,28.9
72530094846,2014-02-18,46.0
72530094846,2014-02-19,46.0
72530094846,2014-02-20,44.1
72530094846,2014-02-21,48.9
72530094846,2014-02-22,37.0
72530094846,2014-02-23,35.1
72530094846,2014-02-24,28.0
72530094846,2014-02-25,25.0
72530094846,2014-02-26,21.9
72530094846,2014-02-27,18.0
72530094846,2014-02-28,28.0
72530094846,2014-03-01,30.9
72530094846,2014-03-02,15.1
72530094846,2014-03-03,19.0
72530094846,2014-03-04,27.0
72530094846,2014-03-05,27.0
72530094846,2014-03-06,33.1
72530094846,2014-03-07,46.9
72530094846,2014-03-08,46.9
72530094846,2014-03-09,39.0
72530094846,2014-03-10,53.1
72530094846,2014-03-11,53.1
72530094846,2014-03-12,50.0
72530094846,2014-03-13,35.1
72530094846,2014-03-14,52.0
72530094846,2014-03-15,53.1
72530094846,2014-03-16,39.9
72530094846,2014-03-17,39.9
72530094846,2014-03-18,52.0
72530094846,2014-03-19,52.0
72530094846,2014-03-20,46.9
72530094846,2014-03-21,57.9
72530094846,2014-03-22,57.9
72530094846,2014-03-23,41.0
72530094846,2014-03-24,36.0
72530094846,2014-03-25,36.0
72530094846,2014-03-26,39.0
72530094846,2014-03-27,48.2
72530094846,2014-03-28,55.0
72530094846,2014-03-29,55.0
72530094846,2014-03-30,57.0
72530094846,2014-03-31,66.9
72530094846,2014-04-01,68.0
72530094846,2014-04-02,57.0
72530094846,2014-04-03,45.0
72530094846,2014-04-04,48.0
72530094846,2014-04-05,51.1
72530094846,2014-04-06,57.0
72530094846,2014-04-07,57.0
72530094846,2014-04-08,60.1
72530094846,2014-04-09,62.1
72530094846,2014-04-10,64.9
72530094846,2014-04-11,70.0
72530094846,2014-04-12,80.1
72530094846,2014-04-13,75.0
72530094846,2014-04-14,69.1
72530094846,2014-04-15,37.9
72530094846,2014-04-16,52.0
72530094846,2014-04-17,62.1
72530094846,2014-04-18,62.1
72530094846,2014-04-19,66.0
72530094846,2014-04-20,79.0
72530094846,2014-04-21,75.0
72530094846,2014-04-22,73.9
72530094846,2014-04-23,61.0
72530094846,2014-04-24,64.0
72530094846,2014-04-25,70.0
72530094846,2014-04-26,70.0
72530094846,2014-04-27,60.1
72530094846,2014-04-28,60.1
72530094846,2014-04-29,59.0
72530094846,2014-04-30,59.0
72530094846,2014-05-01,53.1
72530094846,2014-05-02,53.1
72530094846,2014-05-03,66.9
72530094846,2014-05-04,66.9
72530094846,2014-05-05,57.9
72530094846,2014-05-06,63.0
72530094846,2014-05-07,78.1
72530094846,2014-05-08,89.1
72530094846,2014-05-09,89.1
72530094846,2014-05-10,77.0
72530094846,2014-05-11,81.0
72530094846,2014-05-12,84.0
72530094846,2014-05-13,84.0
72530094846,2014-05-14,55.9
72530094846,2014-05-15,55.9
72530094846,2014-05-16,55.0
72530094846,2014-05-17,60.1
72530094846,2014-05-18,69.1
72530094846,2014-05-19,69.1
72530094846,2014-05-20,84.9
72530094846,2014-05-21,86.0
72530094846,2014-05-22,86.0
72530094846,2014-05-23,70.0
72530094846,2014-05-24,73.9
72530094846,2014-05-25,82.9
72530094846,2014-05-26,87.1
72530094846,2014-05-27,87.1
72530094846,2014-05-28,84.9
72530094846,2014-05-29,75.0
72530094846,2014-05-30,79.0
72530094846,2014-05-31,88.0
72530094846,2014-06-01,90.0
72530094846,2014-06-02,90.0
72530094846,2014-06-03,82.9
72530094846,2014-06-04,81.0
72530094846,2014-06-05,75.9
72530094846,2014-06-06,81.0
72530094846,2014-06-07,84.0
72530094846,2014-06-08,84.0
72530094846,2014-06-09,78.1
72530094846,2014-06-10,78.1
72530094846,2014-06-11,66.9
72530094846,2014-06-12,79.0
72530094846,2014-06-13,79.0
72530094846,2014-06-14,79.0
72530094846,2014-06-15,84.0
72530094846,2014-06-16,88.0
72530094846,2014-06-17,91.0
72530094846,2014-06-18,91.0
72530094846,2014-06-19,82.0
72530094846,2014-06-20,84.9
72530094846,2014-06-21,84.9
72530094846,2014-06-22,84.0
72530094846,2014-06-23,82.0
72530094846,2014-06-24,87.1
72530094846,2014-06-25,87.1
72530094846,2014-06-26,80.1
72530094846,2014-06-27,88.0
72530094846,2014-06-28,88.0
72530094846,2014-06-29,87.1
72530094846,2014-06-30,87.1
72530094846,2014-07-01,80.1
72530094846,2014-07-02,80.1
72530094846,2014-07-03,73.9
72530094846,2014-07-04,79.0
72530094846,2014-07-05,79.0
72530094846,2014-07-06,87.1
72530094846,2014-07-07,88.0
72530094846,2014-07-08,88.0
72530094846,2014-07-09,81.0
72530094846,2014-07-10,80.1
72530094846,2014-07-11,81.0
72530094846,2014-07-12,81.0
72530094846,2014-07-13,84.9
72530094846,2014-07-14,84.9
72530094846,2014-07-15,80.1
72530094846,2014-07-16,72.0
72530094846,2014-07-17,78.1
72530094846,2014-07-18,79.0
72530094846,2014-07-19,80.1
72530094846,2014-07-20,82.0
72530094846,2014-07-21,86.0
72530094846,2014-07-22,90.0
72530094846,2014-07-23,90.0
72530094846,2014-07-24,75.0
72530094846,2014-07-25,75.0
72530094846,2014-07-26,84.0
72530094846,2014-07-27,87.1
72530094846,2014-07-28,87.1
72530094846,2014-07-29,81.0
72530094846,2014-07-30,81.0
72530094846,2014-07-31,84.0
72530094846,2014-08-01,84.9
72530094846,2014-08-02,86.0
72530094846,2014-08-03,87.1
72530094846,2014-08-04,87.1
72530094846,2014-08-05,87.1
72530094846,2014-08-06,80.1
72530094846,2014-08-07,81.0
72530094846,2014-08-08,82.0
72530094846,2014-08-09,82.0
72530094846,2014-08-10,81.0
72530094846,2014-08-11,82.0
72530094846,2014-08-12,82.0
72530094846,2014-08-13,82.0
72530094846,2014-08-14,82.0
72530094846,2014-08-15,78.1
72530094846,2014-08-16,82.0
72530094846,2014-08-17,82.0
72530094846,2014-08-18,82.9
72530094846,2014-08-19,86.0
72530094846,2014-08-20,86.0
72530094846,2014-08-21,86.0
72530094846,2014-08-22,86.0
72530094846,2014-08-23,86.0
72530094846,2014-08-24,88.0
72530094846,2014-08-25,88.0
72530094846,2014-08-26,88.0
72530094846,2014-08-27,84.9
72530094846,2014-08-28,82.0
72530094846,2014-08-29,86.0
72530094846,2014-08-30,86.0
72530094846,2014-08-31,84.9
72530094846,2014-09-01,88.0
72530094846,2014-09-02,82.9
72530094846,2014-09-03,82.9
72530094846,2014-09-04,84.9
72530094846,2014-09-05,88.0
72530094846,2014-09-06,88.0
72530094846,2014-09-07,80.1
72530094846,2014-09-08,80.1
72530094846,2014-09-09,79.0
72530094846,2014-09-10,80.1
72530094846,2014-09-11,80.1
72530094846,2014-09-12,55.9
72530094846,2014-09-13,57.0
72530094846,2014-09-14,64.9
72530094846,2014-09-15,64.9
72530094846,2014-09-16,68.0
72530094846,2014-09-17,70.0
72530094846,2014-09-18,70.0
72530094846,2014-09-19,78.1
72530094846,2014-09-20,78.1
72530094846,2014-09-21,77.0
72530094846,2014-09-22,69.1
72530094846,2014-09-23,73.9
72530094846,2014-09-24,80.1
72530094846,2014-09-25,80.1
72530094846,2014-09-26,79.0
72530094846,2014-09-27,79.0
72530094846,2014-09-28,79.0
72530094846,2014-09-29,82.9
72530094846,2014-09-30,60.1
72530094846,2014-10-01,70.0
72530094846,2014-10-02,72.0
72530094846,2014-10-03,72.0
72530094846,2014-10-04,48.0
72530094846,2014-10-05,55.0
72530094846,2014-10-06,61.0
72530094846,2014-10-07,66.0
72530094846,2014-10-08,66.0
72530094846,2014-10-09,64.9
72530094846,2014-10-10,62.1
72530094846,2014-10-11,59.0
72530094846,2014-10-12,63.0
72530094846,2014-10-13,66.9
72530094846,2014-10-14,66.9
72530094846,2014-10-15,64.9
72530094846,2014-10-16,55.9
72530094846,2014-10-17,62.1
72530094846,2014-10-18,62.1
72530094846,2014-10-19,54.0
72530094846,2014-10-20,64.9
72530094846,2014-10-21,64.9
72530094846,2014-10-22,55.9
72530094846,2014-10-23,59.0
72530094846,2014-10-24,66.0
72530094846,2014-10-25,72.0
72530094846,2014-10-26,72.0
72530094846,2014-10-27,77.0
72530094846,2014-10-28,77.0
72530094846,2014-10-29,52.0
72530094846,2014-10-30,51.1
72530094846,2014-10-31,51.1
72530094846,2014-11-01,46.9
72530094846,2014-11-02,51.1
72530094846,2014-11-03,61.0
72530094846,2014-11-04,62.1
72530094846,2014-11-05,60.1
72530094846,2014-11-06,60.1
72530094846,2014-11-07,51.1
72530094846,2014-11-08,46.9
72530094846,2014-11-09,52.0
72530094846,2014-11-10,62.1
72530094846,2014-11-11,62.1
72530094846,2014-11-12,34.0
72530094846,2014-11-13,30.9
72530094846,2014-11-14,28.9
72530094846,2014-11-15,30.9
72530094846,2014-11-16,30.9
72530094846,2014-11-17,30.9
72530094846,2014-11-18,21.0
72530094846,2014-11-19,32.0
72530094846,2014-11-20,32.0
72530094846,2014-11-21,33.1
72530094846,2014-11-22,51.1
72530094846,2014-11-23,52.0
72530094846,2014-11-24,52.0
72530094846,2014-11-25,27.0
72530094846,2014-11-26,28.9
72530094846,2014-11-27,28.9
72530094846,2014-11-28,32.0
72530094846,2014-11-29,51.1
72530094846,2014-11-30,51.1
72530094846,2014-12-01,33.1
72530094846,2014-12-02,34.0
72530094846,2014-12-03,37.0
72530094846,2014-12-04,37.0
72530094846,2014-12-05,39.9
72530094846,2014-12-06,39.9
72530094846,2014-12-07,39.9
72530094846,2014-12-08,37.0
72530094846,2014-12-09,37.9
72530094846,2014-12-10,37.9
72530094846,2014-12-11,33.1
72530094846,2014-12-12,37.0
72530094846,2014-12-13,46.0
72530094846,2014-12-14,50.0
72530094846,2014-12-15,50.0
72530094846,2014-12-16,46.0
72530094846,2014-12-17,45.0
72530094846,2014-12-18,28.9
72530094846,2014-12-19,32.0
72530094846,2014-12-20,33.1
72530094846,2014-12-21,36.0
72530094846,2014-12-22,39.0
72530094846,2014-12-23,48.0
72530094846,2014-12-24,48.0
72530094846,2014-12-25,42.1
72530094846,2014-12-26,50.0
72530094846,2014-12-27,50.0
72530094846,2014-12-28,48.9
72530094846,2014-12-29,35.1
72530094846,2014-12-30,30.0
72530094846,2014-12-31,19.9
72530094846,2015-01-01,32.0
72530094846,2015-01-02,34.0
72530094846,2015-01-03,34.0
72530094846,2015-01-04,34.0
72530094846,2015-01-05,12.9
72530094846,2015-01-06,10.0
72530094846,2015-01-07,10.0
72530094846,2015-01-08,10.9
72530094846,2015-01-09,18.0
72530094846,2015-01-10,19.0
72530094846,2015-01-11,32.0
72530094846,2015-01-12,32.0
72530094846,2015-01-13,28.0
72530094846,2015-01-14,19.0
72530094846,2015-01-15,34.0
72530094846,2015-01-16,34.0
72530094846,2015-01-17,42.1
72530094846,2015-01-18,42.1
72530094846,2015-01-19,41.0
72530094846,2015-01-20,41.0
72530094846,2015-01-21,36.0
72530094846,2015-01-22,33.1
72530094846,2015-01-23,30.9
72530094846,2015-01-24,43.0
72530094846,2015-01-25,43.0
72530094846,2015-01-26,34.0
72530094846,2015-01-27,32.0
72530094846,2015-01-28,33.1
72530094846,2015-01-29,35.1
72530094846,2015-01-30,35.1
72530094846,2015-01-31,36.0
72530094846,2015-02-01,36.0
72530094846,2015-02-02,30.9
72530094846,2015-02-03,24.1
72530094846,2015-02-04,26.1
72530094846,2015-02-05,25.0
72530094846,2015-02-06,30.9
72530094846,2015-02-07,41.0
72530094846,2015-02-08,41.0
72530094846,2015-02-09,39.0
72530094846,2015-02-10,33.1
72530094846,2015-02-11,35.1
72530094846,2015-02-12,35.1
72530094846,2015-02-13,21.9
72530094846,2015-02-14,27.0
72530094846,2015-02-15,27.0
72530094846,2015-02-16,18.0
72530094846,2015-02-17,19.0
72530094846,2015-02-18,19.0
72530094846,2015-02-19,8.1
72530094846,2015-02-20,17.1
72530094846,2015-02-21,30.9
72530094846,2015-02-22,32.0
72530094846,2015-02-23,10.9
72530094846,2015-02-24,28.9
72530094846,2015-02-25,28.9
72530094846,2015-02-26,26.1
72530094846,2015-02-27,19.0
72530094846,2015-02-28,21.0
72530094846,2015-03-01,25.0
72530094846,2015-03-02,33.1
72530094846,2015-03-03,34.0
72530094846,2015-03-04,34.0
72530094846,2015-03-05,30.9
72530094846,2015-03-06,27.0
72530094846,2015-03-07,43.0
72530094846,2015-03-08,44.1
72530094846,2015-03-09,50.0
72530094846,2015-03-10,51.1
72530094846,2015-03-11,51.1
72530094846,2015-03-12,55.9
72530094846,2015-03-13,64.9
72530094846,2015-03-14,64.9
72530094846,2015-03-15,62.1
72530094846,2015-03-16,73.0
72530094846,2015-03-17,73.0
72530094846,2015-03-18,50.0
72530094846,2015-03-19,50.0
72530094846,2015-03-20,50.0
72530094846,2015-03-21,50.0
72530094846,2015-03-22,48.9
72530094846,2015-03-23,35.1
72530094846,2015-03-24,35.1
72530094846,2015-03-25,41.0
72530094846,2015-03-26,42.1
72530094846,2015-03-27,42.1
72530094846,2015-03-28,36.0
72530094846,2015-03-29,46.9
72530094846,2015-03-30,61.0
72530094846,2015-03-31,61.0
72530094846,2015-04-01,72.0
72530094846,2015-04-02,72.0
72530094846,2015-04-03,64.9
72530094846,2015-04-04,57.9
72530094846,2015-04-05,66.0
72530094846,2015-04-06,66.0
72530094846,2015-04-07,45.0
72530094846,2015-04-08,50.0
72530094846,2015-04-09,70.0
72530094846,2015-04-10,69.1
72530094846,2015-04-11,61.0
72530094846,2015-04-12,66.9
72530094846,2015-04-13,64.9
72530094846,2015-04-14,66.0
72530094846,2015-04-15,63.0
72530094846,2015-04-16,64.0
72530094846,2015-04-17,77.0
72530094846,2015-04-18,69.1
72530094846,2015-04-19,66.9
72530094846,2015-04-20,52.0
72530094846,2015-04-21,53.1
72530094846,2015-04-22,45.0
72530094846,2015-04-23,54.0
72530094846,2015-04-24,55.9
72530094846,2015-04-25,46.9
72530094846,2015-04-26,55.9
72530094846,2015-04-27,55.0
72530094846,2015-04-28,57.9
72530094846,2015-04-29,61.0
72530094846,2015-04-30,61.0
72530094846,2015-05-01,66.9
72530094846,2015-05-02,75.9
72530094846,2015-05-03,78.1
72530094846,2015-05-04,78.1
72530094846,2015-05-05,73.9
72530094846,2015-05-06,77.0
72530094846,2015-05-07,82.9
72530094846,2015-05-08,82.9
72530094846,2015-05-09,81.0
72530094846,2015-05-10,64.0
72530094846,2015-05-11,68.0
72530094846,2015-05-12,68.0
72530094846,2015-05-13,55.9
72530094846,2015-05-14,66.0
72530094846,2015-05-15,75.9
72530094846,2015-05-16,79.0
72530094846,2015-05-17,82.0
72530094846,2015-05-18,82.0
72530094846,2015-05-19,77.0
72530094846,2015-05-20,53.1
72530094846,2015-05-21,69.1
72530094846,2015-05-22,69.1
72530094846,2015-05-23,80.1
72530094846,2015-05-24,80.1
72530094846,2015-05-25,78.1
72530094846,2015-05-26,78.1
72530094846,2015-05-27,73.9
72530094846,2015-05-28,82.0
72530094846,2015-05-29,82.0
72530094846,2015-05-30,80.1
72530094846,2015-05-31,54.0
72530094846,2015-06-01,60.1
72530094846,2015-06-02,70.0
72530094846,2015-06-03,77.0
72530094846,2015-06-04,81.0
72530094846,2015-06-05,80.1
72530094846,2015-06-06,70.0
72530094846,2015-06-07,81.0
72530094846,2015-06-08,84.0
72530094846,2015-06-09,84.9
72530094846,2015-06-10,91.9
72530094846,2015-06-11,75.9
72530094846,2015-06-12,72.0
72530094846,2015-06-13,84.9
72530094846,2015-06-14,86.0
72530094846,2015-06-15,82.9
72530094846,2015-06-16,80.1
72530094846,2015-06-17,72.0
72530094846,2015-06-18,79.0
72530094846,2015-06-19,79.0
72530094846,2015-06-20,78.1
72530094846,2015-06-21,84.0
72530094846,2015-06-22,84.0
72530094846,2015-06-23,82.9
72530094846,2015-06-24,82.0
72530094846,2015-06-25,79.0
72530094846,2015-06-26,79.0
72530094846,2015-06-27,75.9
72530094846,2015-06-28,79.0
72530094846,2015-06-29,79.0
72530094846,2015-06-30,77.0
72530094846,2015-07-01,69.1
72530094846,2015-07-02,69.1
72530094846,2015-07-03,77.0
72530094846,2015-07-04,81.0
72530094846,2015-07-05,82.9
72530094846,2015-07-06,84.9
72530094846,2015-07-07,84.9
72530094846,2015-07-08,71.1
72530094846,2015-07-09,77.0
72530094846,2015-07-10,82.9
72530094846,2015-07-11,82.9
72530094846,2015-07-12,82.9
72530094846,2015-07-13,86.0
72530094846,2015-07-14,86.0
72530094846,2015-07-15,82.9
72530094846,2015-07-16,75.0
72530094846,2015-07-17,91.9
72530094846,2015-07-18,91.9
72530094846,2015-07-19,89.1
72530094846,2015-07-20,84.9
72530094846,2015-07-21,84.9
72530094846,2015-07-22,82.9
72530094846,2015-07-23,84.9
72530094846,2015-07-24,84.9
72530094846,2015-07-25,91.0
72530094846,2015-07-26,91.0
72530094846,2015-07-27,88.0
72530094846,2015-07-28,91.0
72530094846,2015-07-29,91.0
72530094846,2015-07-30,88.0
72530094846,2015-07-31,88.0
72530094846,2015-08-01,87.1
72530094846,2015-08-02,91.0
72530094846,2015-08-03,91.0
72530094846,2015-08-04,82.0
72530094846,2015-08-05,82.0
72530094846,2015-08-06,82.9
72530094846,2015-08-07,82.9
72530094846,2015-08-08,82.9
72530094846,2015-08-09,82.0
72530094846,2015-08-10,84.0
72530094846,2015-08-11,84.0
72530094846,2015-08-12,82.0
72530094846,2015-08-13,84.9
72530094846,2015-08-14,90.0
72530094846,2015-08-15,91.9
72530094846,2015-08-16,91.9
72530094846,2015-08-17,89.1
72530094846,2015-08-18,88.0
72530094846,2015-08-19,82.9
72530094846,2015-08-20,75.0
72530094846,2015-08-21,82.0
72530094846,2015-08-22,82.0
72530094846,2015-08-23,81.0
72530094846,2015-08-24,77.0
72530094846,2015-08-25,75.0
72530094846,2015-08-26,72.0
72530094846,2015-08-27,75.9
72530094846,2015-08-28,75.9
72530094846,2015-08-29,72.0
72530094846,2015-08-30,77.0
72530094846,2015-08-31,84.9
72530094846,2015-09-01,88.0
72530094846,2015-09-02,90.0
72530094846,2015-09-03,91.0
72530094846,2015-09-04,91.0
72530094846,2015-09-05,87.1
72530094846,2015-09-06,91.9
72530094846,2015-09-07,91.9
72530094846,2015-09-08,88.0
72530094846,2015-09-09,81.0
72530094846,2015-09-10,77.0
72530094846,2015-09-11,73.9
72530094846,2015-09-12,66.9
72530094846,2015-09-13,70.0
72530094846,2015-09-14,82.0
72530094846,2015-09-15,82.0
72530094846,2015-09-16,82.9
72530094846,2015-09-17,84.9
72530094846,2015-09-18,84.9
72530094846,2015-09-19,73.9
72530094846,2015-09-20,73.0
72530094846,2015-09-21,73.9
72530094846,2015-09-22,80.1
72530094846,2015-09-23,80.1
72530094846,2015-09-24,80.1
72530094846,2015-09-25,75.9
72530094846,2015-09-26,75.0
72530094846,2015-09-27,75.0
72530094846,2015-09-28,77.0
72530094846,2015-09-29,77.0
72530094846,2015-09-30,68.0
72530094846,2015-10-01,61.0
72530094846,2015-10-02,60.1
72530094846,2015-10-03,60.1
72530094846,2015-10-04,57.0
72530094846,2015-10-05,60.1
72530094846,2015-10-06,71.1
72530094846,2015-10-07,71.1
72530094846,2015-10-08,77.0
72530094846,2015-10-09,77.0
72530094846,2015-10-10,64.9
72530094846,2015-10-11,79.0
72530094846,2015-10-12,79.0
72530094846,2015-10-13,75.0
72530094846,2015-10-14,63.0
72530094846,2015-10-15,69.1
72530094846,2015-10-16,69.1
72530094846,2015-10-17,55.0
72530094846,2015-10-18,60.1
72530094846,2015-10-19,73.0
72530094846,2015-10-20,73.9
72530094846,2015-10-21,75.0
72530094846,2015-10-22,75.0
72530094846,2015-10-23,62.1
72530094846,2015-10-24,66.0
72530094846,2015-10-25,66.0
72530094846,2015-10-26,62.1
72530094846,2015-10-27,61.0
72530094846,2015-10-28,55.9
72530094846,2015-10-29,55.9
72530094846,2015-10-30,55.9
72530094846,2015-10-31,55.9
72530094846,2015-11-01,63.0
72530094846,2015-11-02,72.0
72530094846,2015-11-03,72.0
72530094846,2015-11-04,71.1
72530094846,2015-11-05,71.1
72530094846,2015-11-06,70.0
72530094846,2015-11-07,64.9
72530094846,2015-11-08,53.1
72530094846,2015-11-09,55.9
72530094846,2015-11-10,55.9
72530094846,2015-11-11,63.0
72530094846,2015-11-12,63.0
72530094846,2015-11-13,55.9
72530094846,2015-11-14,57.0
72530094846,2015-11-15,64.0
72530094846,2015-11-16,64.0
72530094846,2015-11-17,57.9
72530094846,2015-11-18,62.1
72530094846,2015-11-19,62.1
72530094846,2015-11-20,48.0
72530094846,2015-11-21,39.9
72530094846,2015-11-22,33.1
72530094846,2015-11-23,37.0
72530094846,2015-11-24,41.0
72530094846,2015-11-25,48.9
72530094846,2015-11-26,60.1
72530094846,2015-11-27,60.1
72530094846,2015-11-28,37.9
72530094846,2015-11-29,41.0
72530094846,2015-11-30,44.1
72530094846,2015-12-01,44.1
72530094846,2015-12-02,39.9
72530094846,2015-12-03,37.9
72530094846,2015-12-04,46.9
72530094846,2015-12-05,46.9
72530094846,2015-12-06,46.9
72530094846,2015-12-07,46.9
72530094846,2015-12-08,46.0
72530094846,2015-12-09,52.0
72530094846,2015-12-10,57.0
72530094846,2015-12-11,57.0
72530094846,2015-12-12,57.0
72530094846,2015-12-13,61.0
72530094846,2015-12-14,61.0
72530094846,2015-12-15,61.0
72530094846,2015-12-16,53.1
72530094846,2015-12-17,53.1
72530094846,2015-12-18,32.0
72530094846,2015-12-19,32.0
72530094846,2015-12-20,50.0
72530094846,2015-12-21,52.0
72530094846,2015-12-22,52.0
72530094846,2015-12-23,59.0
72530094846,2015-12-24,59.0
72530094846,2015-12-25,44.1
72530094846,2015-12-26,44.1
72530094846,2015-12-27,42.8
72530094846,2015-12-28,36.0
72530094846,2015-12-29,39.0
72530094846,2015-12-30,30.0
72530094846,2015-12-31,28.9
72530094846,2016-01-01,30.0
72530094846,2016-01-02,32.0
72530094846,2016-01-03,32.0
72530094846,2016-01-04,30.9
72530094846,2016-01-05,33.1
72530094846,2016-01-06,36.0
72530094846,2016-01-07,41.0
72530094846,2016-01-08,42.1
72530094846,2016-01-09,42.1
72530094846,2016-01-10,39.9
72530094846,2016-01-11,23.0
72530094846,2016-01-12,24.1
72530094846,2016-01-13,21.0
72530094846,2016-01-14,42.1
72530094846,2016-01-15,44.1
72530094846,2016-01-16,43.0
72530094846,2016-01-17,30.0
72530094846,2016-01-18,9.0
72530094846,2016-01-19,17.1
72530094846,2016-01-20,23.0
72530094846,2016-01-21,28.9
72530094846,2016-01-22,30.2
72530094846,2016-01-23,33.1
72530094846,2016-01-24,34.0
72530094846,2016-01-25,39.9
72530094846,2016-01-26,41.0
72530094846,2016-01-27,37.0
72530094846,2016-01-28,39.0
72530094846,2016-01-29,39.0
72530094846,2016-01-30,46.0
72530094846,2016-01-31,48.0
72530094846,2016-02-01,48.0
72530094846,2016-02-02,45.0
72530094846,2016-02-03,37.4
72530094846,2016-02-04,37.0
72530094846,2016-02-05,34.0
72530094846,2016-02-06,41.0
72530094846,2016-02-07,43.0
72530094846,2016-02-08,43.0
72530094846,2016-02-09,32.0
72530094846,2016-02-10,21.0
72530094846,2016-02-11,21.0
72530094846,2016-02-12,23.0
72530094846,2016-02-13,23.0
72530094846,2016-02-14,18.0
72530094846,2016-02-15,27.0
72530094846,2016-02-16,33.1
72530094846,2016-02-17,34.0
72530094846,2016-02-18,42.1
72530094846,2016-02-19,62.1
72530094846,2016-02-20,62.1
72530094846,2016-02-21,57.0
72530094846,2016-02-22,44.1
72530094846,2016-02-23,45.0
72530094846,2016-02-24,45.0
72530094846,2016-02-25,37.0
72530094846,2016-02-26,37.0
72530094846,2016-02-27,54.0
72530094846,2016-02-28,61.0
72530094846,2016-02-29,62.1
72530094846,2016-03-01,33.1
72530094846,2016-03-02,32.0
72530094846,2016-03-03,33.8
72530094846,2016-03-04,39.0
72530094846,2016-03-05,39.0
72530094846,2016-03-06,52.0
72530094846,2016-03-07,63.0
72530094846,2016-03-08,70.0
72530094846,2016-03-09,70.0
72530094846,2016-03-10,63.0
72530094846,2016-03-11,55.0
72530094846,2016-03-12,59.0
72530094846,2016-03-13,59.0
72530094846,2016-03-14,54.0
72530094846,2016-03-15,57.9
72530094846,2016-03-16,57.9
72530094846,2016-03-17,55.9
72530094846,2016-03-18,55.9
72530094846,2016-03-19,48.9
72530094846,2016-03-20,46.0
72530094846,2016-03-21,48.9
72530094846,2016-03-22,63.0
72530094846,2016-03-23,57.9
72530094846,2016-03-24,42.1
72530094846,2016-03-25,48.0
72530094846,2016-03-26,54.0
72530094846,2016-03-27,63.0
72530094846,2016-03-28,63.0
72530094846,2016-03-29,57.9
72530094846,2016-03-30,62.1
72530094846,2016-03-31,66.9
72530094846,2016-04-01,66.9
72530094846,2016-04-02,42.1
44,44,44.0
44,44,44.0
72530094846,2016-04-05,45.0
72530094846,2016-04-06,48.9
72530094846,2016-04-07,50.0
72530094846,2016-04-08,41.0
72530094846,2016-04-09,41.0
72530094846,2016-04-10,46.9
72530094846,2016-04-11,51.1
72530094846,2016-04-12,51.1
72530094846,2016-04-13,55.9
72530094846,2016-04-14,61.0
72530094846,2016-04-15,68.0
72530094846,2016-04-16,75.9
72530094846,2016-04-17,79.0
72530094846,2016-04-18,82.9
72530094846,2016-04-19,82.9
72530094846,2016-04-20,71.1
72530094846,2016-04-21,71.1
72530094846,2016-04-22,70.0
72530094846,2016-04-23,60.1
72530094846,2016-04-24,78.1
72530094846,2016-04-25,81.0
72530094846,2016-04-26,82.9
72530094846,2016-04-27,46.9
72530094846,2016-04-28,50.0
72530094846,2016-04-29,51.1
72530094846,2016-04-30,51.1
72530094846,2016-05-01,48.9
72530094846,2016-05-02,59.0
72530094846,2016-05-03,66.9
72530094846,2016-05-04,66.9
72530094846,2016-05-05,61.0
72530094846,2016-05-06,82.0
72530094846,2016-05-07,82.0
72530094846,2016-05-08,71.1
72530094846,2016-05-09,71.1
72530094846,2016-05-10,63.0
72530094846,2016-05-11,69.1
72530094846,2016-05-12,70.0
72530094846,2016-05-13,70.0
72530094846,2016-05-14,66.0
72530094846,2016-05-15,55.0
72530094846,2016-05-16,70.0
72530094846,2016-05-17,70.0
72530094846,2016-05-18,64.9
72530094846,2016-05-19,69.1
72530094846,2016-05-20,69.1
72530094846,2016-05-21,75.0
72530094846,2016-05-22,77.0
72530094846,2016-05-23,81.0
72530094846,2016-05-24,86.0
72530094846,2016-05-25,86.0
72530094846,2016-05-26,86.0
72530094846,2016-05-27,82.9
72530094846,2016-05-28,81.0
72530094846,2016-05-29,81.0
72530094846,2016-05-30,87.1
72530094846,2016-05-31,87.1
72530094846,2016-06-01,82.9
72530094846,2016-06-02,79.0
72530094846,2016-06-03,84.0
72530094846,2016-06-04,84.0
72530094846,2016-06-05,79.0
72530094846,2016-06-06,82.0
72530094846,2016-06-07,82.0
72530094846,2016-06-08,70.0
72530094846,2016-06-09,72.0
72530094846,2016-06-10,90.0
72530094846,2016-06-11,91.0
72530094846,2016-06-12,91.0
72530094846,2016-06-13,86.0
72530094846,2016-06-14,87.1
72530094846,2016-06-15,90.0
72530094846,2016-06-16,90.0
72530094846,2016-06-17,84.9
72530094846,2016-06-18,87.1
72530094846,2016-06-19,89.1
72530094846,2016-06-20,91.9
72530094846,2016-06-21,93.0
72530094846,2016-06-22,84.0
72530094846,2016-06-23,78.1
72530094846,2016-06-24,82.0
72530094846,2016-06-25,89.1
72530094846,2016-06-26,90.0
72530094846,2016-06-27,90.0
72530094846,2016-06-28,90.0
72530094846,2016-06-29,81.0
72530094846,2016-06-30,81.0
72530094846,2016-07-01,78.1
72530094846,2016-07-02,75.9
72530094846,2016-07-03,77.0
72530094846,2016-07-04,79.0
72530094846,2016-07-05,87.1
72530094846,2016-07-06,88.0
72530094846,2016-07-07,88.0
72530094846,2016-07-08,86.0
72530094846,2016-07-09,86.0
72530094846,2016-07-10,82.0
72530094846,2016-07-11,90.0
72530094846,2016-07-12,90.0
72530094846,2016-07-13,88.0
72530094846,2016-07-14,88.0
72530094846,2016-07-15,88.0
72530094846,2016-07-16,77.0
72530094846,2016-07-17,82.9
72530094846,2016-07-18,88.0
72530094846,2016-07-19,91.0
72530094846,2016-07-20,91.0
72530094846,2016-07-21,91.0
72530094846,2016-07-22,91.0
72530094846,2016-07-23,91.0
72530094846,2016-07-24,93.0
72530094846,2016-07-25,93.0
72530094846,2016-07-26,89.1
72530094846,2016-07-27,89.1
72530094846,2016-07-28,89.1
72530094846,2016-07-29,84.0
72530094846,2016-07-30,81.0
72530094846,2016-07-31,81.0
72530094846,2016-08-01,84.0
72530094846,2016-08-02,87.1
72530094846,2016-08-03,90.0
72530094846,2016-08-04,91.0
72530094846,2016-08-05,91.0
72530094846,2016-08-06,86.0
72530094846,2016-08-07,87.8
72530094846,2016-08-08,84.0
72530094846,2016-08-09,88.0
72530094846,2016-08-10,89.1
72530094846,2016-08-11,91.9
72530094846,2016-08-12,91.9
72530094846,2016-08-13,82.9
72530094846,2016-08-14,87.1
72530094846,2016-08-15,87.1
72530094846,2016-08-16,88.0
72530094846,2016-08-17,88.0
72530094846,2016-08-18,88.0
72530094846,2016-08-19,84.9
72530094846,2016-08-20,84.0
72530094846,2016-08-21,80.1
72530094846,2016-08-22,78.1
72530094846,2016-08-23,81.0
72530094846,2016-08-24,84.0
72530094846,2016-08-25,84.9
72530094846,2016-08-26,84.9
72530094846,2016-08-27,84.0
72530094846,2016-08-28,84.0
72530094846,2016-08-29,86.0
72530094846,2016-08-30,86.0
72530094846,2016-08-31,84.0
72530094846,2016-09-01,75.9
72530094846,2016-09-02,73.9
72530094846,2016-09-03,75.9
72530094846,2016-09-04,80.1
72530094846,2016-09-05,87.1
72530094846,2016-09-06,91.0
72530094846,2016-09-07,91.0
72530094846,2016-09-08,89.1
72530094846,2016-09-09,82.0
72530094846,2016-09-10,81.0
72530094846,2016-09-11,75.9
72530094846,2016-09-12,79.0
72530094846,2016-09-13,84.9
72530094846,2016-09-14,84.9
72530094846,2016-09-15,78.1
72530094846,2016-09-16,82.9
72530094846,2016-09-17,82.9
72530094846,2016-09-18,82.0
72530094846,2016-09-19,88.0
72530094846,2016-09-20,88.0
72530094846,2016-09-21,82.9
72530094846,2016-09-22,81.0
72530094846,2016-09-23,81.0
72530094846,2016-09-24,73.9
72530094846,2016-09-25,84.9
72530094846,2016-09-26,84.9
72530094846,2016-09-27,70.0
72530094846,2016-09-28,70.0
72530094846,2016-09-29,64.9
72530094846,2016-09-30,64.9
72530094846,2016-10-01,64.0
72530094846,2016-10-02,64.9
72530094846,2016-10-03,66.9
72530094846,2016-10-04,75.0
72530094846,2016-10-05,80.1
72530094846,2016-10-06,80.1
72530094846,2016-10-07,73.9
72530094846,2016-10-08,70.0
72530094846,2016-10-09,64.9
72530094846,2016-10-10,71.1
72530094846,2016-10-11,73.0
72530094846,2016-10-12,68.0
72530094846,2016-10-13,69.1
72530094846,2016-10-14,66.0
72530094846,2016-10-15,69.1
72530094846,2016-10-16,72.0
72530094846,2016-10-17,82.0
72530094846,2016-10-18,82.0
72530094846,2016-10-19,75.9
72530094846,2016-10-20,71.1
72530094846,2016-10-21,55.9
72530094846,2016-10-22,60.1
72530094846,2016-10-23,73.0
72530094846,2016-10-24,73.0
72530094846,2016-10-25,59.0
72530094846,2016-10-26,54.0
72530094846,2016-10-27,51.1
72530094846,2016-10-28,62.1
72530094846,2016-10-29,70.0
72530094846,2016-10-30,71.1
72530094846,2016-10-31,57.9
72530094846,2016-11-01,75.0
72530094846,2016-11-02,75.0
72530094846,2016-11-03,66.9
72530094846,2016-11-04,66.9
72530094846,2016-11-05,68.0
72530094846,2016-11-06,69.1
72530094846,2016-11-07,69.1
72530094846,2016-11-08,66.0
72530094846,2016-11-09,63.0
72530094846,2016-11-10,63.0
72530094846,2016-11-11,63.0
72530094846,2016-11-12,52.0
72530094846,2016-11-13,55.9
72530094846,2016-11-14,60.1
72530094846,2016-11-15,60.1
72530094846,2016-11-16,60.1
72530094846,2016-11-17,72.0
72530094846,2016-11-18,72.0
72530094846,2016-11-19,48.0
72530094846,2016-11-20,39.0
72530094846,2016-11-21,41.0
72530094846,2016-11-22,41.0
72530094846,2016-11-23,43.0
72530094846,2016-11-24,44.6
72530094846,2016-11-25,43.0
72530094846,2016-11-26,46.9
72530094846,2016-11-27,46.9
72530094846,2016-11-28,50.0
72530094846,2016-11-29,57.0
72530094846,2016-11-30,57.0
72530094846,2016-12-01,45.0
72530094846,2016-12-02,41.0
72530094846,2016-12-03,39.9
72530094846,2016-12-04,34.0
72530094846,2016-12-05,33.8
72530094846,2016-12-06,41.0
72530094846,2016-12-07,41.0
72530094846,2016-12-08,27.0
72530094846,2016-12-09,25.0
72530094846,2016-12-10,25.0
72530094846,2016-12-11,32.0
72530094846,2016-12-12,33.8
72530094846,2016-12-13,32.0
72530094846,2016-12-14,21.9
72530094846,2016-12-15,19.0
72530094846,2016-12-16,19.0
72530094846,2016-12-17,21.9
72530094846,2016-12-18,21.9
72530094846,2016-12-19,18.0
72530094846,2016-12-20,28.0
72530094846,2016-12-21,34.0
72530094846,2016-12-22,37.0
72530094846,2016-12-23,37.0
72530094846,2016-12-24,37.9
72530094846,2016-12-25,37.9
72530094846,2016-12-26,54.0
72530094846,2016-12-27,37.9
72530094846,2016-12-28,45.0
72530094846,2016-12-29,45.0
72530094846,2016-12-30,35.1
72530094846,2016-12-31,39.9
72530094846,2017-01-01,39.9
72530094846,2017-01-02,39.9
72530094846,2017-01-03,39.9
72530094846,2017-01-04,39.0
72530094846,2017-01-05,19.0
72530094846,2017-01-06,12.9
72530094846,2017-01-07,18.0
72530094846,2017-01-08,18.0
72530094846,2017-01-09,28.0
72530094846,2017-01-10,51.8
72530094846,2017-01-11,51.1
72530094846,2017-01-12,43.0
72530094846,2017-01-13,28.0
72530094846,2017-01-14,35.1
72530094846,2017-01-15,36.0
72530094846,2017-01-16,36.0
72530094846,2017-01-17,39.0
72530094846,2017-01-18,39.0
72530094846,2017-01-19,42.8
72530094846,2017-01-20,42.1
72530094846,2017-01-21,59.0
72530094846,2017-01-22,59.0
72530094846,2017-01-23,46.0
72530094846,2017-01-24,42.1
72530094846,2017-01-25,42.1
72530094846,2017-01-26,42.1
72530094846,2017-01-27,34.0
72530094846,2017-01-28,30.9
72530094846,2017-01-29,28.9
72530094846,2017-01-30,30.0
72530094846,2017-01-31,39.0
72530094846,2017-02-01,39.0
72530094846,2017-02-02,37.9
72530094846,2017-02-03,28.0
72530094846,2017-02-04,33.1
72530094846,2017-02-05,37.9
72530094846,2017-02-06,55.0
72530094846,2017-02-07,50.0
72530094846,2017-02-08,50.0
72530094846,2017-02-09,32.0
72530094846,2017-02-10,39.9
72530094846,2017-02-11,48.9
72530094846,2017-02-12,48.9
72530094846,2017-02-13,46.9
72530094846,2017-02-14,50.0
72530094846,2017-02-15,50.0
72530094846,2017-02-16,41.0
72530094846,2017-02-17,66.9
72530094846,2017-02-18,70.0
72530094846,2017-02-19,70.0
72530094846,2017-02-20,70.0
72530094846,2017-02-21,70.0
72530094846,2017-02-22,68.0
72530094846,2017-02-23,68.0
72530094846,2017-02-24,39.9
72530094846,2017-02-25,39.9
72530094846,2017-02-26,48.9
72530094846,2017-02-27,54.0
72530094846,2017-02-28,60.1
72530094846,2017-03-01,60.1
72530094846,2017-03-02,34.0
72530094846,2017-03-03,35.1
72530094846,2017-03-04,42.1
72530094846,2017-03-05,60.1
72530094846,2017-03-06,61.0
72530094846,2017-03-07,64.9
72530094846,2017-03-08,64.9
72530094846,2017-03-09,53.1
72530094846,2017-03-10,42.1
72530094846,2017-03-11,37.0
72530094846,2017-03-12,36.0
72530094846,2017-03-13,36.0
72530094846,2017-03-14,30.9
72530094846,2017-03-15,33.1
72530094846,2017-03-16,42.1
72530094846,2017-03-17,50.0
72530094846,2017-03-18,50.0
72530094846,2017-03-19,53.1
72530094846,2017-03-20,54.0
72530094846,2017-03-21,54.0
72530094846,2017-03-22,37.9
72530094846,2017-03-23,50.0
72530094846,2017-03-24,82.0
72530094846,2017-03-25,46.0
72530094846,2017-03-26,62.1
72530094846,2017-03-27,62.1
72530094846,2017-03-28,52.0
72530094846,2017-03-29,50.0
72530094846,2017-03-30,48.9
72530094846,2017-03-31,45.0
72530094846,2017-04-01,59.0
72530094846,2017-04-02,61.0
72530094846,2017-04-03,61.0
72530094846,2017-04-04,55.9
72530094846,2017-04-05,55.9
72530094846,2017-04-06,50.0
72530094846,2017-04-07,54.0
72530094846,2017-04-08,68.0
72530094846,2017-04-09,75.9
72530094846,2017-04-10,78.1
72530094846,2017-04-11,53.1
72530094846,2017-04-12,59.0
72530094846,2017-04-13,59.0
72530094846,2017-04-14,66.0
72530094846,2017-04-15,82.0
72530094846,2017-04-16,82.0
72530094846,2017-04-17,73.0
72530094846,2017-04-18,75.9
72530094846,2017-04-19,75.9
72530094846,2017-04-20,73.0
72530094846,2017-04-21,57.9
72530094846,2017-04-22,60.1
72530094846,2017-04-23,72.0
72530094846,2017-04-24,73.0
72530094846,2017-04-25,79.0
72530094846,2017-04-26,79.0
72530094846,2017-04-27,73.9
72530094846,2017-04-28,62.1
72530094846,2017-04-29,55.0
72530094846,2017-04-30,46.9
72530094846,2017-05-01,57.0
72530094846,2017-05-02,57.0
72530094846,2017-05-03,55.9
72530094846,2017-05-04,55.9
72530094846,2017-05-05,61.0
72530094846,2017-05-06,61.0
72530094846,2017-05-07,59.0
72530094846,2017-05-08,59.0
72530094846,2017-05-09,61.0
72530094846,2017-05-10,66.9
72530094846,2017-05-11,66.9
72530094846,2017-05-12,73.0
72530094846,2017-05-13,82.0
72530094846,2017-05-14,82.0
72530094846,2017-05-15,82.0
72530094846,2017-05-16,87.1
72530094846,2017-05-17,87.1
72530094846,2017-05-18,84.0
72530094846,2017-05-19,73.9
72530094846,2017-05-20,64.0
72530094846,2017-05-21,64.9
72530094846,2017-05-22,73.0
72530094846,2017-05-23,73.0
72530094846,2017-05-24,62.1
72530094846,2017-05-25,69.1
72530094846,2017-05-26,71.1
72530094846,2017-05-27,78.1
72530094846,2017-05-28,78.1
72530094846,2017-05-29,77.0
72530094846,2017-05-30,77.0
72530094846,2017-05-31,73.9
72530094846,2017-06-01,81.0
72530094846,2017-06-02,86.0
72530094846,2017-06-03,86.0
72530094846,2017-06-04,91.9
72530094846,2017-06-05,91.9
72530094846,2017-06-06,75.9
72530094846,2017-06-07,77.0
72530094846,2017-06-08,82.9
72530094846,2017-06-09,87.1
72530094846,2017-06-10,90.0
72530094846,2017-06-11,93.0
72530094846,2017-06-12,95.0
72530094846,2017-06-13,95.0
72530094846,2017-06-14,91.9
72530094846,2017-06-15,91.9
72530094846,2017-06-16,91.0
72530094846,2017-06-17,87.1
72530094846,2017-06-18,87.1
72530094846,2017-06-19,80.1
72530094846,2017-06-20,80.1
72530094846,2017-06-21,80.1
72530094846,2017-06-22,88.0
72530094846,2017-06-23,88.0
72530094846,2017-06-24,82.9
72530094846,2017-06-25,75.0
72530094846,2017-06-26,75.0
72530094846,2017-06-27,78.1
72530094846,2017-06-28,80.1
72530094846,2017-06-29,81.0
72530094846,2017-06-30,84.0
72530094846,2017-07-01,84.0
72530094846,2017-07-02,89.1
72530094846,2017-07-03,89.1
72530094846,2017-07-04,82.9
72530094846,2017-07-05,89.1
72530094846,2017-07-06,93.0
72530094846,2017-07-07,93.0
72530094846,2017-07-08,89.1
72530094846,2017-07-09,86.0
72530094846,2017-07-10,86.0
72530094846,2017-07-11,84.9
72530094846,2017-07-12,84.9
72530094846,2017-07-13,82.9
72530094846,2017-07-14,82.9
72530094846,2017-07-15,81.0
72530094846,2017-07-16,81.0
72530094846,2017-07-17,79.0
72530094846,2017-07-18,89.1
72530094846,2017-07-19,89.1
72530094846,2017-07-20,88.0
72530094846,2017-07-21,89.1
72530094846,2017-07-22,89.1
72530094846,2017-07-23,90.0
72530094846,2017-07-24,73.0
72530094846,2017-07-25,82.0
72530094846,2017-07-26,84.9
72530094846,2017-07-27,84.9
72530094846,2017-07-28,82.0
72530094846,2017-07-29,79.0
72530094846,2017-07-30,84.0
72530094846,2017-07-31,86.0
72530094846,2017-08-01,86.0
72530094846,2017-08-02,87.1
72530094846,2017-08-03,87.1
72530094846,2017-08-04,84.0
72530094846,2017-08-05,80.1
72530094846,2017-08-06,80.1
72530094846,2017-08-07,77.0
72530094846,2017-08-08,84.0
72530094846,2017-08-09,84.0
72530094846,2017-08-10,84.0
72530094846,2017-08-11,84.0
72530094846,2017-08-12,78.1
72530094846,2017-08-13,80.1
72530094846,2017-08-14,82.9
72530094846,2017-08-15,84.0
72530094846,2017-08-16,88.0
72530094846,2017-08-17,88.0
72530094846,2017-08-18,82.0
72530094846,2017-08-19,86.0
72530094846,2017-08-20,90.0
72530094846,2017-08-21,90.0
72530094846,2017-08-22,87.1
72530094846,2017-08-23,82.0
72530094846,2017-08-24,79.0
72530094846,2017-08-25,75.0
72530094846,2017-08-26,78.1
72530094846,2017-08-27,78.1
72530094846,2017-08-28,80.1
72530094846,2017-08-29,80.1
72530094846,2017-08-30,82.0
72530094846,2017-08-31,82.0
72530094846,2017-09-01,73.0
72530094846,2017-09-02,75.0
72530094846,2017-09-03,84.0
72530094846,2017-09-04,84.0
72530094846,2017-09-05,82.0
72530094846,2017-09-06,70.0
72530094846,2017-09-07,71.1
72530094846,2017-09-08,71.1
72530094846,2017-09-09,72.0
72530094846,2017-09-10,72.0
72530094846,2017-09-11,75.0
72530094846,2017-09-12,77.0
72530094846,2017-09-13,77.0
72530094846,2017-09-14,81.0
72530094846,2017-09-15,87.1
72530094846,2017-09-16,88.0
72530094846,2017-09-17,88.0
72530094846,2017-09-18,86.0
72530094846,2017-09-19,79.0
72530094846,2017-09-20,91.9
72530094846,2017-09-21,93.9
72530094846,2017-09-22,93.9
72530094846,2017-09-23,95.0
72530094846,2017-09-24,95.0
72530094846,2017-09-25,93.0
72530094846,2017-09-26,91.9
72530094846,2017-09-27,91.9
72530094846,2017-09-28,73.9
72530094846,2017-09-29,73.9
72530094846,2017-09-30,70.0
72530094846,2017-10-01,72.0
72530094846,2017-10-02,82.9
72530094846,2017-10-03,82.9
72530094846,2017-10-04,78.1
72530094846,2017-10-05,77.0
72530094846,2017-10-06,77.0
72530094846,2017-10-07,79.0
72530094846,2017-10-08,79.0
72530094846,2017-10-09,81.0
72530094846,2017-10-10,64.9
72530094846,2017-10-11,63.0
72530094846,2017-10-12,62.1
72530094846,2017-10-13,73.0
72530094846,2017-10-14,73.0
72530094846,2017-10-15,68.0
72530094846,2017-10-16,68.0
72530094846,2017-10-17,70.0
72530094846,2017-10-18,71.1
72530094846,2017-10-19,71.1
72530094846,2017-10-20,78.1
72530094846,2017-10-21,78.1
72530094846,2017-10-22,72.0
72530094846,2017-10-23,54.0
72530094846,2017-10-24,54.0
72530094846,2017-10-25,53.1
72530094846,2017-10-26,60.1
72530094846,2017-10-27,60.1
72530094846,2017-10-28,53.1
72530094846,2017-10-29,46.0
72530094846,2017-10-30,50.0
72530094846,2017-10-31,50.0
72530094846,2017-11-01,44.1
72530094846,2017-11-02,51.1
72530094846,2017-11-03,51.1
72530094846,2017-11-04,48.2
72530094846,2017-11-05,52.0
72530094846,2017-11-06,52.0
72530094846,2017-11-07,45.0
72530094846,2017-11-08,46.0
72530094846,2017-11-09,46.0
72530094846,2017-11-10,33.1
72530094846,2017-11-11,36.0
72530094846,2017-11-12,39.9
72530094846,2017-11-13,39.9
72530094846,2017-11-14,48.9
72530094846,2017-11-15,52.0
72530094846,2017-11-16,52.0
72530094846,2017-11-17,45.0
72530094846,2017-11-18,48.2
72530094846,2017-11-19,48.0
72530094846,2017-11-20,52.0
72530094846,2017-11-21,52.0
72530094846,2017-11-22,44.1
72530094846,2017-11-23,46.0
72530094846,2017-11-24,63.0
72530094846,2017-11-25,63.0
72530094846,2017-11-26,55.0
72530094846,2017-11-27,55.9
72530094846,2017-11-28,61.0
72530094846,2017-11-29,61.0
72530094846,2017-11-30,54.0
72530094846,2017-12-01,54.0
72530094846,2017-12-02,54.0
72530094846,2017-12-03,57.9
72530094846,2017-12-04,64.9
72530094846,2017-12-05,64.9
72530094846,2017-12-06,44.1
72530094846,2017-12-07,35.1
72530094846,2017-12-08,37.0
72530094846,2017-12-09,37.0
72530094846,2017-12-10,35.1
72530094846,2017-12-11,39.0
72530094846,2017-12-12,39.0
72530094846,2017-12-13,37.9
72530094846,2017-12-14,37.9
72530094846,2017-12-15,34.0
72530094846,2017-12-16,46.0
72530094846,2017-12-17,46.0
72530094846,2017-12-18,46.0
72530094846,2017-12-19,50.0
72530094846,2017-12-20,50.0
72530094846,2017-12-21,39.9
72530094846,2017-12-22,39.9
72530094846,2017-12-23,39.0
72530094846,2017-12-24,33.1
72530094846,2017-12-25,21.9
72530094846,2017-12-26,21.0
72530094846,2017-12-27,7.0
72530094846,2017-12-28,15.1
72530094846,2017-12-29,15.1
72530094846,2017-12-30,15.8
72530094846,2017-12-31,15.1
72530094846,2018-01-01,12.9
72530094846,2018-01-02,7.0
72530094846,2018-01-03,17.1
72530094846,2018-01-04,17.1
72530094846,2018-01-05,12.0
72530094846,2018-01-06,17.1
72530094846,2018-01-07,30.0
72530094846,2018-01-08,37.0
72530094846,2018-01-09,37.0
72530094846,2018-01-10,51.8
72530094846,2018-01-11,59.0
72530094846,2018-01-12,39.0
72530094846,2018-01-13,23.0
72530094846,2018-01-14,21.0
72530094846,2018-01-15,24.1
72530094846,2018-01-16,25.0
72530094846,2018-01-17,26.1
72530094846,2018-01-18,32.0
72530094846,2018-01-19,39.9
72530094846,2018-01-20,45.0
72530094846,2018-01-21,45.0
72530094846,2018-01-22,54.0
72530094846,2018-01-23,54.0
72530094846,2018-01-24,39.0
72530094846,2018-01-25,43.0
72530094846,2018-01-26,51.1
72530094846,2018-01-27,51.1
72530094846,2018-01-28,50.0
72530094846,2018-01-29,33.1
72530094846,2018-01-30,30.0
72530094846,2018-01-31,42.1
72530094846,2018-02-01,42.1
72530094846,2018-02-02,19.0
72530094846,2018-02-03,41.0
72530094846,2018-02-04,41.0
72530094846,2018-02-05,12.0
72530094846,2018-02-06,21.0
72530094846,2018-02-07,21.0
72530094846,2018-02-08,21.0
72530094846,2018-02-09,28.0
72530094846,2018-02-10,28.0
72530094846,2018-02-11,21.9
72530094846,2018-02-12,27.0
72530094846,2018-02-13,35.1
72530094846,2018-02-14,44.1
72530094846,2018-02-15,48.0
72530094846,2018-02-16,48.0
72530094846,2018-02-17,39.0
72530094846,2018-02-18,37.9
72530094846,2018-02-19,57.9
72530094846,2018-02-20,66.0
72530094846,2018-02-21,41.0
72530094846,2018-02-22,39.9
72530094846,2018-02-23,44.1
72530094846,2018-02-24,44.1
72530094846,2018-02-25,50.0
72530094846,2018-02-26,53.1
72530094846,2018-02-27,62.1
72530094846,2018-02-28,62.1
72530094846,2018-03-01,59.0
72530094846,2018-03-02,48.0
72530094846,2018-03-03,48.0
72530094846,2018-03-04,46.0
72530094846,2018-03-05,46.0
72530094846,2018-03-06,41.0
72530094846,2018-03-07,41.0
72530094846,2018-03-08,34.0
72530094846,2018-03-09,41.0
72530094846,2018-03-10,41.0
72530094846,2018-03-11,41.0
72530094846,2018-03-12,46.0
72530094846,2018-03-13,46.0
72530094846,2018-03-14,48.0
72530094846,2018-03-15,50.0
72530094846,2018-03-16,50.0
72530094846,2018-03-17,46.0
72530094846,2018-03-18,57.0
72530094846,2018-03-19,57.0
72530094846,2018-03-20,46.0
72530094846,2018-03-21,39.9
72530094846,2018-03-22,50.0
72530094846,2018-03-23,50.0
72530094846,2018-03-24,43.0
72530094846,2018-03-25,41.0
72530094846,2018-03-26,53.1
72530094846,2018-03-27,53.1
72530094846,2018-03-28,54.0
72530094846,2018-03-29,54.0
72530094846,2018-03-30,50.0
72530094846,2018-03-31,57.9
72530094846,2018-04-01,57.9
72530094846,2018-04-02,44.1
72530094846,2018-04-03,44.1
72530094846,2018-04-04,39.9
72530094846,2018-04-05,42.1
72530094846,2018-04-06,42.1
72530094846,2018-04-07,39.0
72530094846,2018-04-08,39.0
72530094846,2018-04-09,39.0
72530094846,2018-04-10,46.0
72530094846,2018-04-11,66.0
72530094846,2018-04-12,73.0
72530094846,2018-04-13,48.0
72530094846,2018-04-14,41.0
72530094846,2018-04-15,37.0
72530094846,2018-04-16,35.1
72530094846,2018-04-17,43.0
72530094846,2018-04-18,43.0
72530094846,2018-04-19,55.0
72530094846,2018-04-20,61.0
72530094846,2018-04-21,61.0
72530094846,2018-04-22,62.1
72530094846,2018-04-23,63.0
72530094846,2018-04-24,64.9
72530094846,2018-04-25,64.9
72530094846,2018-04-26,66.0
72530094846,2018-04-27,66.0
72530094846,2018-04-28,57.9
72530094846,2018-04-29,59.0
72530094846,2018-04-30,80.1
72530094846,2018-05-01,84.9
72530094846,2018-05-02,86.0
72530094846,2018-05-03,86.0
72530094846,2018-05-04,73.9
72530094846,2018-05-05,82.0
72530094846,2018-05-06,82.0
72530094846,2018-05-07,75.0
72530094846,2018-05-08,81.0
72530094846,2018-05-09,81.0
72530094846,2018-05-10,81.0
72530094846,2018-05-11,73.0
72530094846,2018-05-12,52.0
72530094846,2018-05-13,66.9
72530094846,2018-05-14,82.9
72530094846,2018-05-15,82.9
72530094846,2018-05-16,79.0
72530094846,2018-05-17,79.0
72530094846,2018-05-18,69.1
72530094846,2018-05-19,69.1
72530094846,2018-05-20,69.1
72530094846,2018-05-21,64.0
72530094846,2018-05-22,66.9
72530094846,2018-05-23,80.1
72530094846,2018-05-24,87.1
72530094846,2018-05-25,89.1
72530094846,2018-05-26,90.0
72530094846,2018-05-27,97.0
72530094846,2018-05-28,97.0
72530094846,2018-05-29,95.0
72530094846,2018-05-30,87.1
72530094846,2018-05-31,89.1
72530094846,2018-06-01,89.1
72530094846,2018-06-02,75.9
72530094846,2018-06-03,78.1
72530094846,2018-06-04,80.1
72530094846,2018-06-05,80.1
72530094846,2018-06-06,79.0
72530094846,2018-06-07,81.0
72530094846,2018-06-08,81.0
72530094846,2018-06-09,82.0
72530094846,2018-06-10,82.0
72530094846,2018-06-11,71.1
72530094846,2018-06-12,80.1
72530094846,2018-06-13,81.0
72530094846,2018-06-14,81.0
72530094846,2018-06-15,89.1
72530094846,2018-06-16,91.9
72530094846,2018-06-17,93.0
72530094846,2018-06-18,93.9
72530094846,2018-06-19,95.0
72530094846,2018-06-20,81.0
72530094846,2018-06-21,77.0
72530094846,2018-06-22,66.9
72530094846,2018-06-23,81.0
72530094846,2018-06-24,81.0
72530094846,2018-06-25,80.1
72530094846,2018-06-26,84.0
72530094846,2018-06-27,84.0
72530094846,2018-06-28,88.0
72530094846,2018-06-29,96.1
72530094846,2018-06-30,96.1
72530094846,2018-07-01,93.9
72530094846,2018-07-02,93.9
72530094846,2018-07-03,89.1
72530094846,2018-07-04,93.0
72530094846,2018-07-05,93.0
72530094846,2018-07-06,91.9
72530094846,2018-07-07,82.0
72530094846,2018-07-08,88.0
72530094846,2018-07-09,91.0
72530094846,2018-07-10,91.0
72530094846,2018-07-11,87.1
72530094846,2018-07-12,87.1
72530094846,2018-07-13,95.0
72530094846,2018-07-14,95.0
72530094846,2018-07-15,91.0
72530094846,2018-07-16,91.0
72530094846,2018-07-17,93.0
72530094846,2018-07-18,81.0
72530094846,2018-07-19,87.1
72530094846,2018-07-20,87.1
72530094846,2018-07-21,79.0
72530094846,2018-07-22,79.0
72530094846,2018-07-23,82.0
72530094846,2018-07-24,88.0
72530094846,2018-07-25,90.0
72530094846,2018-07-26,90.0
72530094846,2018-07-27,81.0
72530094846,2018-07-28,82.0
72530094846,2018-07-29,82.9
72530094846,2018-07-30,82.9
72530094846,2018-07-31,82.0
72530094846,2018-08-01,84.9
72530094846,2018-08-02,84.9
72530094846,2018-08-03,89.1
72530094846,2018-08-04,97.0
72530094846,2018-08-05,97.0
72530094846,2018-08-06,93.9
72530094846,2018-08-07,82.9
72530094846,2018-08-08,84.9
72530094846,2018-08-09,89.1
72530094846,2018-08-10,89.1
72530094846,2018-08-11,88.0
72530094846,2018-08-12,88.0
72530094846,2018-08-13,89.1
72530094846,2018-08-14,89.1
72530094846,2018-08-15,87.1
72530094846,2018-08-16,86.0
72530094846,2018-08-17,86.0
72530094846,2018-08-18,84.9
72530094846,2018-08-19,86.0
72530094846,2018-08-20,86.0
72530094846,2018-08-21,77.0
72530094846,2018-08-22,79.0
72530094846,2018-08-23,80.1
72530094846,2018-08-24,80.1
72530094846,2018-08-25,86.0
72530094846,2018-08-26,93.0
72530094846,2018-08-27,93.0
72530094846,2018-08-28,93.0
72530094846,2018-08-29,91.0
72530094846,2018-08-30,75.9
72530094846,2018-08-31,84.9
72530094846,2018-09-01,86.0
72530094846,2018-09-02,91.0
72530094846,2018-09-03,87.1
72530094846,2018-09-04,91.9
72530094846,2018-09-05,91.9
72530094846,2018-09-06,75.0
72530094846,2018-09-07,70.0
72530094846,2018-09-08,69.1
72530094846,2018-09-09,69.1
72530094846,2018-09-10,73.9
72530094846,2018-09-11,79.0
72530094846,2018-09-12,82.0
72530094846,2018-09-13,82.0
72530094846,2018-09-14,87.1
72530094846,2018-09-15,87.1
72530094846,2018-09-16,89.1
72530094846,2018-09-17,90.0
72530094846,2018-09-18,82.0
72530094846,2018-09-19,75.9
72530094846,2018-09-20,93.0
72530094846,2018-09-21,93.0
72530094846,2018-09-22,64.0
72530094846,2018-09-23,71.1
72530094846,2018-09-24,73.9
72530094846,2018-09-25,84.0
72530094846,2018-09-26,66.9
72530094846,2018-09-27,70.0
72530094846,2018-09-28,70.0
72530094846,2018-09-29,61.0
72530094846,2018-09-30,62.1
72530094846,2018-10-01,72.0
72530094846,2018-10-02,72.0
72530094846,2018-10-03,88.0
72530094846,2018-10-04,88.0
72530094846,2018-10-05,64.0
72530094846,2018-10-06,70.0
72530094846,2018-10-07,70.0
72530094846,2018-10-08,84.9
72530094846,2018-10-09,84.9
72530094846,2018-10-10,84.9
72530094846,2018-10-11,75.9
72530094846,2018-10-12,51.1
72530094846,2018-10-13,53.1
72530094846,2018-10-14,54.0
72530094846,2018-10-15,54.0
72530094846,2018-10-16,59.0
72530094846,2018-10-17,59.0
72530094846,2018-10-18,57.9
72530094846,2018-10-19,57.9
72530094846,2018-10-20,54.0
72530094846,2018-10-21,51.1
72530094846,2018-10-22,64.0
72530094846,2018-10-23,64.0
72530094846,2018-10-24,54.0
72530094846,2018-10-25,53.1
72530094846,2018-10-26,53.1
72530094846,2018-10-27,54.0
72530094846,2018-10-28,54.0
72530094846,2018-10-29,55.9
72530094846,2018-10-30,64.0
72530094846,2018-10-31,64.0
72530094846,2018-11-01,61.0
72530094846,2018-11-02,52.0
72530094846,2018-11-03,50.0
72530094846,2018-11-04,51.8
72530094846,2018-11-05,52.0
72530094846,2018-11-06,51.1
72530094846,2018-11-07,44.1
72530094846,2018-11-08,41.0
72530094846,2018-11-09,41.0
72530094846,2018-11-10,37.0
72530094846,2018-11-11,41.0
72530094846,2018-11-12,41.0
72530094846,2018-11-13,34.0
72530094846,2018-11-14,36.0
72530094846,2018-11-15,36.0
72530094846,2018-11-16,39.9
72530094846,2018-11-17,36.0
72530094846,2018-11-18,37.0
72530094846,2018-11-19,34.0
72530094846,2018-11-20,34.0
72530094846,2018-11-21,36.0
72530094846,2018-11-22,39.9
72530094846,2018-11-23,51.1
72530094846,2018-11-24,51.1
72530094846,2018-11-25,46.9
72530094846,2018-11-26,37.0
72530094846,2018-11-27,33.1
72530094846,2018-11-28,26.1
72530094846,2018-11-29,37.9
72530094846,2018-11-30,42.1
72530094846,2018-12-01,42.1
72530094846,2018-12-02,44.1
72530094846,2018-12-03,44.1
72530094846,2018-12-04,35.1
72530094846,2018-12-05,32.0
72530094846,2018-12-06,33.1
72530094846,2018-12-07,33.1
72530094846,2018-12-08,32.0
72530094846,2018-12-09,35.1
72530094846,2018-12-10,35.1
72530094846,2018-12-11,37.9
72530094846,2018-12-12,41.0
72530094846,2018-12-13,46.0
72530094846,2018-12-14,46.0
72530094846,2018-12-15,46.0
72530094846,2018-12-16,48.0
72530094846,2018-12-17,48.9
72530094846,2018-12-18,42.1
72530094846,2018-12-19,48.9
72530094846,2018-12-20,48.9
72530094846,2018-12-21,46.0
72530094846,2018-12-22,37.9
72530094846,2018-12-23,37.9
72530094846,2018-12-24,37.9
72530094846,2018-12-25,45.0
72530094846,2018-12-26,46.9
72530094846,2018-12-27,50.0
72530094846,2018-12-28,53.1
72530094846,2018-12-29,30.2
72530094846,2018-12-30,36.0
72530094846,2018-12-31,39.0
72530094846,2019-01-01,39.0
72530094846,2019-01-02,34.0
72530094846,2019-01-03,37.9
72530094846,2019-01-04,48.0
72530094846,2019-01-05,52.0
72530094846,2019-01-06,52.0
72530094846,2019-01-07,53.6
72530094846,2019-01-08,53.1
72530094846,2019-01-09,45.0
72530094846,2019-01-10,25.0
72530094846,2019-01-11,30.0
72530094846,2019-01-12,32.0
72530094846,2019-01-13,32.0
72530094846,2019-01-14,30.9
72530094846,2019-01-15,28.0
72530094846,2019-01-16,34.0
72530094846,2019-01-17,35.1
72530094846,2019-01-18,35.1
72530094846,2019-01-19,30.9
72530094846,2019-01-20,28.0
72530094846,2019-01-21,17.1
72530094846,2019-01-22,32.0
72530094846,2019-01-23,34.0
72530094846,2019-01-24,34.0
72530094846,2019-01-25,21.9
72530094846,2019-01-26,12.0
72530094846,2019-01-27,12.0
72530094846,2019-01-28,34.0
72530094846,2019-01-29,18.0
72530094846,2019-01-30,10.0
72530094846,2019-01-31,-4.0
72530094846,2019-02-01,21.0
72530094846,2019-02-02,42.1
72530094846,2019-02-03,46.4
72530094846,2019-02-04,51.1
72530094846,2019-02-05,51.1
72530094846,2019-02-06,36.0
72530094846,2019-02-07,44.1
72530094846,2019-02-08,28.9
72530094846,2019-02-09,24.1
72530094846,2019-02-10,28.0
72530094846,2019-02-11,30.9
72530094846,2019-02-12,34.0
72530094846,2019-02-13,34.0
72530094846,2019-02-14,50.0
72530094846,2019-02-15,50.0
72530094846,2019-02-16,32.0
72530094846,2019-02-17,28.9
72530094846,2019-02-18,30.9
72530094846,2019-02-19,35.1
72530094846,2019-02-20,37.9
72530094846,2019-02-21,37.9
72530094846,2019-02-22,41.0
72530094846,2019-02-23,41.0
72530094846,2019-02-24,53.1
72530094846,2019-02-25,21.0
72530094846,2019-02-26,23.0
72530094846,2019-02-27,30.0
72530094846,2019-02-28,27.0
72530094846,2019-03-01,34.0
72530094846,2019-03-02,34.0
72530094846,2019-03-03,33.1
72530094846,2019-03-04,25.0
72530094846,2019-03-05,21.0
72530094846,2019-03-06,30.0
72530094846,2019-03-07,30.0
72530094846,2019-03-08,39.0
72530094846,2019-03-09,41.0
72530094846,2019-03-10,43.0
72530094846,2019-03-11,41.0
72530094846,2019-03-12,48.9
72530094846,2019-03-13,57.9
72530094846,2019-03-14,62.1
72530094846,2019-03-15,44.1
72530094846,2019-03-16,41.0
72530094846,2019-03-17,43.0
72530094846,2019-03-18,43.0
72530094846,2019-03-19,48.9
72530094846,2019-03-20,48.9
72530094846,2019-03-21,44.1
72530094846,2019-03-22,46.0
72530094846,2019-03-23,53.1
72530094846,2019-03-24,53.1
72530094846,2019-03-25,50.0
72530094846,2019-03-26,48.0
72530094846,2019-03-27,59.0
72530094846,2019-03-28,64.9
72530094846,2019-03-29,64.9
72530094846,2019-03-30,57.0
72530094846,2019-03-31,45.0
72530094846,2019-04-01,48.9
72530094846,2019-04-02,55.0
72530094846,2019-04-03,57.9
72530094846,2019-04-04,57.9
72530094846,2019-04-05,57.0
72530094846,2019-04-06,66.0
72530094846,2019-04-07,66.9
72530094846,2019-04-08,73.0
72530094846,2019-04-09,73.0
72530094846,2019-04-10,66.0
72530094846,2019-04-11,55.9
72530094846,2019-04-12,55.9
72530094846,2019-04-13,52.0
72530094846,2019-04-14,52.0
72530094846,2019-04-15,52.0
72530094846,2019-04-16,72.0
72530094846,2019-04-17,77.0
72530094846,2019-04-18,77.0
72530094846,2019-04-19,64.9
72530094846,2019-04-20,64.0
72530094846,2019-04-21,77.0
72530094846,2019-04-22,80.1
72530094846,2019-04-23,80.1
72530094846,2019-04-24,64.9
72530094846,2019-04-25,66.9
72530094846,2019-04-26,66.9
72530094846,2019-04-27,63.0
72530094846,2019-04-28,52.0
72530094846,2019-04-29,52.0
72530094846,2019-04-30,51.1
72530094846,2019-05-01,57.9
72530094846,2019-05-02,57.9
72530094846,2019-05-03,55.0
72530094846,2019-05-04,63.0
72530094846,2019-05-05,73.0
72530094846,2019-05-06,73.0
72530094846,2019-05-07,50.0
72530094846,2019-05-08,66.0
72530094846,2019-05-09,68.0
72530094846,2019-05-10,66.9
72530094846,2019-05-11,57.9
72530094846,2019-05-12,53.1
72530094846,2019-05-13,61.0
72530094846,2019-05-14,71.1
72530094846,2019-05-15,73.9
72530094846,2019-05-16,75.9
72530094846,2019-05-17,73.0
72530094846,2019-05-18,79.0
72530094846,2019-05-19,73.0
72530094846,2019-05-20,73.9
72530094846,2019-05-21,57.0
72530094846,2019-05-22,82.0
72530094846,2019-05-23,82.0
72530094846,2019-05-24,73.9
72530094846,2019-05-25,81.0
72530094846,2019-05-26,81.0
72530094846,2019-05-27,73.9
72530094846,2019-05-28,73.0
72530094846,2019-05-29,75.0
72530094846,2019-05-30,78.1
72530094846,2019-05-31,81.0
72530094846,2019-06-01,81.0
72530094846,2019-06-02,80.1
72530094846,2019-06-03,70.0
72530094846,2019-06-04,82.0
72530094846,2019-06-05,82.9
72530094846,2019-06-06,82.9
72530094846,2019-06-07,78.1
72530094846,2019-06-08,78.1
72530094846,2019-06-09,75.9
72530094846,2019-06-10,75.0
72530094846,2019-06-11,82.0
72530094846,2019-06-12,82.0
72530094846,2019-06-13,71.1
72530094846,2019-06-14,80.1
72530094846,2019-06-15,80.1
72530094846,2019-06-16,70.0
72530094846,2019-06-17,66.9
72530094846,2019-06-18,78.1
72530094846,2019-06-19,78.1
72530094846,2019-06-20,69.1
72530094846,2019-06-21,72.0
72530094846,2019-06-22,79.0
72530094846,2019-06-23,81.0
72530094846,2019-06-24,81.0
72530094846,2019-06-25,84.9
72530094846,2019-06-26,89.1
72530094846,2019-06-27,89.1
72530094846,2019-06-28,90.0
72530094846,2019-06-29,90.0
72530094846,2019-06-30,91.0
72530094846,2019-07-01,91.0
72530094846,2019-07-02,91.9
72530094846,2019-07-03,91.9
72530094846,2019-07-04,91.0
72530094846,2019-07-05,91.0
72530094846,2019-07-06,91.0
72530094846,2019-07-07,82.9
72530094846,2019-07-08,82.9
72530094846,2019-07-09,88.0
72530094846,2019-07-10,93.9
72530094846,2019-07-11,93.9
72530094846,2019-07-12,87.1
72530094846,2019-07-13,93.9
72530094846,2019-07-14,93.9
72530094846,2019-07-15,91.9
72530094846,2019-07-16,91.9
72530094846,2019-07-17,91.9
72530094846,2019-07-18,91.9
72530094846,2019-07-19,93.0
72530094846,2019-07-20,95.0
72530094846,2019-07-21,78.1
72530094846,2019-07-22,79.0
72530094846,2019-07-23,80.1
72530094846,2019-07-24,81.0
72530094846,2019-07-25,84.9
72530094846,2019-07-26,84.9
72530094846,2019-07-27,89.1
72530094846,2019-07-28,89.1
72530094846,2019-07-29,89.1
72530094846,2019-07-30,82.0
72530094846,2019-07-31,78.1
72530094846,2019-08-01,80.1
72530094846,2019-08-02,82.9
72530094846,2019-08-03,89.1
72530094846,2019-08-04,89.1
72530094846,2019-08-05,90.0
72530094846,2019-08-06,90.0
72530094846,2019-08-07,88.0
72530094846,2019-08-08,88.0
72530094846,2019-08-09,87.1
72530094846,2019-08-10,86.0
72530094846,2019-08-11,86.0
72530094846,2019-08-12,84.0
72530094846,2019-08-13,86.0
72530094846,2019-08-14,86.0
72530094846,2019-08-15,82.9
72530094846,2019-08-16,84.0
72530094846,2019-08-17,84.0
72530094846,2019-08-18,82.0
72530094846,2019-08-19,84.9
72530094846,2019-08-20,84.9
72530094846,2019-08-21,82.9
72530094846,2019-08-22,82.9
72530094846,2019-08-23,75.9
72530094846,2019-08-24,75.0
72530094846,2019-08-25,78.1
72530094846,2019-08-26,78.1
72530094846,2019-08-27,79.0
72530094846,2019-08-28,79.0
72530094846,2019-08-29,84.0
72530094846,2019-08-30,84.0
72530094846,2019-08-31,75.0
72530094846,2019-09-01,75.0
72530094846,2019-09-02,82.0
72530094846,2019-09-03,82.0
72530094846,2019-09-04,80.1
72530094846,2019-09-05,73.9
72530094846,2019-09-06,73.9
72530094846,2019-09-07,78.1
72530094846,2019-09-08,78.1
72530094846,2019-09-09,75.9
72530094846,2019-09-10,90.0
72530094846,2019-09-11,90.0
72530094846,2019-09-12,89.1
72530094846,2019-09-13,78.1
72530094846,2019-09-14,80.1
72530094846,2019-09-15,80.1
72530094846,2019-09-16,78.1
72530094846,2019-09-17,78.1
72530094846,2019-09-18,82.0
72530094846,2019-09-19,82.9
72530094846,2019-09-20,84.0
72530094846,2019-09-21,84.0
72530094846,2019-09-22,78.1
72530094846,2019-09-23,77.0
72530094846,2019-09-24,79.0
72530094846,2019-09-25,79.0
72530094846,2019-09-26,79.0
72530094846,2019-09-27,72.0
72530094846,2019-09-28,69.1
72530094846,2019-09-29,66.0
72530094846,2019-09-30,84.9
72530094846,2019-10-01,86.0
72530094846,2019-10-02,82.9
72530094846,2019-10-03,69.1
72530094846,2019-10-04,57.0
72530094846,2019-10-05,63.0
72530094846,2019-10-06,66.9
72530094846,2019-10-07,69.1
72530094846,2019-10-08,70.0
72530094846,2019-10-09,70.0
72530094846,2019-10-10,70.0
72530094846,2019-10-11,69.1
72530094846,2019-10-12,66.9
72530094846,2019-10-13,54.0
72530094846,2019-10-14,54.0
72530094846,2019-10-15,62.6
72530094846,2019-10-16,62.1
72530094846,2019-10-17,54.0
72530094846,2019-10-18,59.0
72530094846,2019-10-19,68.0
72530094846,2019-10-20,68.0
72530094846,2019-10-21,66.9
72530094846,2019-10-22,66.9
72530094846,2019-10-23,57.9
72530094846,2019-10-24,57.9
72530094846,2019-10-25,50.0
72530094846,2019-10-26,48.2
72530094846,2019-10-27,57.9
72530094846,2019-10-28,57.9
72530094846,2019-10-29,48.9
72530094846,2019-10-30,45.0
72530094846,2019-10-31,41.0
72530094846,2019-11-01,44.1
72530094846,2019-11-02,44.1
72530094846,2019-11-03,53.1
72530094846,2019-11-04,53.1
72530094846,2019-11-05,51.1
72530094846,2019-11-06,55.0
72530094846,2019-11-07,37.0
72530094846,2019-11-08,32.0
72530094846,2019-11-09,46.0
72530094846,2019-11-10,46.0
72530094846,2019-11-11,43.0
72530094846,2019-11-12,33.1
72530094846,2019-11-13,25.0
72530094846,2019-11-14,30.0
72530094846,2019-11-15,37.9
